feature_0,feature_1,feature_2,feature_3,feature_4,feature_5,feature_6,feature_7,feature_8,feature_9,feature_10,feature_11,feature_12,feature_13,feature_14,feature_15,feature_16,feature_17,feature_18,feature_19,feature_20,feature_21,feature_22,feature_23,feature_24,feature_25,feature_26,feature_27,feature_28,feature_29,feature_30,feature_31,feature_32,feature_33,feature_34,feature_35,feature_36,feature_37,feature_38,feature_39,feature_40,feature_41,feature_42,feature_43,feature_44,feature_45,feature_46,feature_47,feature_48,feature_49,feature_50,feature_51,feature_52,feature_53,feature_54,feature_55,feature_56,feature_57,feature_58,feature_59
0.31989996766249507,0.9425108268273833,1.405026474485584,1.096764401877645,0.38663751061942986,0.9388097054910687,0.4678725296165521,0.18364820142243393,0.5084083543683505,0.6294280537875502,0.49830221484521975,0.5984639653087805,0.31265989453374987,0.41975353118698877,0.7674737542266266,0.7875705729644407,0.24865171030137243,1.3191067360860667,0.8047331479422397,0.4608827588461082,1.4392859119372061,0.5886859381853017,0.34960259142270667,0.6091309397269334,1.1000593091532875,1.3578325290276922,0.3926798094868551,1.1222827787240055,0.9080057663958494,0.949593005429085,1.3642557334104497,0.7328924082482403,1.2117097262440373,1.4790870443253958,0.5114511795228357,0.15374293857218355,1.0687582898430463,1.3716116632254622,1.0540578871178767,0.15441570269873778,0.3432105768527929,0.10396544341371333,0.4774131880026986,1.1238978742782395,0.12420131380703861,0.29518274689260793,1.0676751513229938,1.3388208211334347,0.7569911687826286,0.6357299281926049,1.0120937689061507,1.2261279135802097,1.256609086165138,0.6000212234892237,0.7717486652371554,0.8050111239146985,0.47700533923245114,1.0659170944093996,1.090074150399748,0.8977692746547989
